{"cameraMode":{"drawMode":0,"name":"Shaded","section":"Shading Mode"},"sceneLighting":false,"audioPlay":false,"sceneViewState":{"m_AlwaysRefresh":false,"showFog":true,"showSkybox":false,"showFlares":true,"showImageEffects":true,"showParticleSystems":true,"showVisualEffectGraphs":true,"m_FxEnabled":true},"in2DMode":false,"pivot":{"x":0.21307897567749024,"y":-0.013115540146827698,"z":0.18394529819488526},"rotation":{"x":-0.0008755234885029495,"y":0.9988909363746643,"z":-0.04228803515434265,"w":-0.02067909762263298},"size":0.8105143904685974,"orthographic":false}